Open Time,Open,High,Low,Close,Volume
1734217200000,101117.64000000,101499.08000000,101045.45000000,101420.00000000,315.18337000
1734220800000,101420.00000000,101558.83000000,101237.14000000,101442.42000000,313.78863000
1734224400000,101442.41000000,102196.97000000,101424.01000000,102134.48000000,1458.80477000
1734228000000,102134.48000000,102155.28000000,101775.88000000,101831.15000000,728.33298000
1734231600000,101831.16000000,101931.73000000,101722.31000000,101733.82000000,216.32352000
1734235200000,101733.83000000,102850.00000000,101733.82000000,102366.17000000,1788.48948000
1734238800000,102366.17000000,102511.81000000,102107.92000000,102159.29000000,485.39491000
1734242400000,102159.29000000,102169.90000000,101759.80000000,101759.80000000,417.41142000
1734246000000,101759.81000000,101941.18000000,101534.01000000,101732.09000000,399.71077000
1734249600000,101732.09000000,102015.16000000,101581.07000000,102015.15000000,434.85636000
1734253200000,102015.15000000,102270.95000000,101919.60000000,102264.34000000,361.99787000
1734256800000,102264.34000000,102450.22000000,102147.58000000,102280.00000000,390.62989000
1734260400000,102280.01000000,102691.01000000,102228.01000000,102671.44000000,613.11003000
1734264000000,102671.44000000,103359.97000000,102533.33000000,102946.54000000,2308.19851000
1734267600000,102946.55000000,102987.43000000,102473.01000000,102784.65000000,917.26646000
1734271200000,102784.65000000,103061.88000000,102622.99000000,102994.37000000,988.69088000
1734274800000,102994.37000000,103039.99000000,102704.00000000,102704.01000000,704.04111000
1734278400000,102704.00000000,103490.00000000,102583.65000000,103127.08000000,1092.30198000
1734282000000,103127.08000000,103368.19000000,102978.93000000,103164.00000000,493.45924000
1734285600000,103164.01000000,103358.89000000,102984.58000000,103204.00000000,381.55820000
1734289200000,103203.99000000,103455.00000000,103178.47000000,103252.95000000,474.60080000
1734292800000,103252.96000000,103404.16000000,103066.67000000,103144.83000000,421.52166000
1734296400000,103144.83000000,103197.67000000,102634.25000000,102859.06000000,733.51731000
1734300000000,102859.05000000,103385.80000000,102621.50000000,103277.32000000,752.53486000
1734303600000,103277.31000000,105250.00000000,103246.07000000,104463.99000000,5352.38013500
1734307200000,104463.99000000,106648.00000000,104324.50000000,105444.95000000,4439.21432600
1734310800000,105444.95000000,105591.58000000,104979.39000000,105531.99000000,1469.85302000
1734314400000,105532.00000000,105640.00000000,104446.28000000,104585.32000000,1719.94162000
1734318000000,104585.32000000,105000.00000000,104259.48000000,104582.28000000,1174.83928000
1734321600000,104582.28000000,104805.22000000,104469.89000000,104686.15000000,650.79766000
1734325200000,104686.15000000,105064.00000000,104482.46000000,105028.00000000,781.51923000
1734328800000,105028.01000000,105373.76000000,104956.00000000,105149.98000000,971.06116000
1734332400000,105149.98000000,105420.76000000,104900.00000000,104992.79000000,679.89461000
1734336000000,104992.79000000,105016.85000000,104505.22000000,104535.44000000,713.40126000
1734339600000,104535.44000000,104942.48000000,104500.46000000,104676.72000000,767.27443000
1734343200000,104676.73000000,104722.10000000,104350.01000000,104684.99000000,993.28252000
1734346800000,104684.98000000,104836.36000000,103625.78000000,103757.99000000,1498.30185000
1734350400000,103758.00000000,104145.90000000,103333.00000000,103656.02000000,1555.92886000
1734354000000,103656.02000000,104138.99000000,103484.51000000,103908.02000000,1256.73983000
1734357600000,103908.03000000,106000.00000000,103879.25000000,105487.00000000,3025.52605000
1734361200000,105487.01000000,106499.99000000,105253.46000000,106332.01000000,3451.11467000
1734364800000,106332.00000000,107195.58000000,106140.00000000,106824.95000000,3224.84045800
1734368400000,106824.94000000,107195.00000000,106693.26000000,107078.55000000,2075.56347000
1734372000000,107078.55000000,107793.07000000,106882.47000000,107078.60000000,3417.43628600
1734375600000,107078.60000000,107078.61000000,105797.41000000,106583.12000000,3277.26405000
1734379200000,106583.13000000,106648.48000000,105762.56000000,105808.36000000,1901.28728000
1734382800000,105808.36000000,106274.90000000,105688.93000000,106057.77000000,880.58820000
1734386400000,106057.78000000,106301.59000000,105721.39000000,105815.99000000,620.69466000
1734390000000,105816.00000000,106064.00000000,105480.02000000,106058.66000000,756.03796000
1734393600000,106058.65000000,106244.40000000,105657.34000000,105856.51000000,1086.89201000
1734397200000,105856.51000000,106469.29000000,105744.62000000,106376.00000000,1112.03906000
1734400800000,106376.01000000,106590.55000000,106197.74000000,106269.14000000,804.33118000
1734404400000,106269.15000000,107000.00000000,106240.50000000,106866.49000000,879.61902000
1734408000000,106866.50000000,106866.50000000,106412.99000000,106500.77000000,533.25830000
1734411600000,106500.77000000,106823.28000000,106448.00000000,106817.43000000,576.75389000
1734415200000,106817.44000000,106845.00000000,106368.45000000,106549.98000000,543.19883000
1734418800000,106549.99000000,107143.29000000,106478.00000000,106805.75000000,1284.61121000
1734422400000,106805.75000000,107550.02000000,106753.53000000,107406.61000000,1330.80553000
1734426000000,107406.61000000,107474.10000000,107130.00000000,107306.03000000,693.66559000
1734429600000,107306.03000000,107343.82000000,106897.44000000,107209.67000000,792.66466000
1734433200000,107209.67000000,107329.49000000,106708.86000000,106808.31000000,805.81206000
1734436800000,106808.31000000,107177.55000000,106534.29000000,107136.01000000,997.93197000
1734440400000,107136.01000000,107620.09000000,106981.06000000,107298.42000000,795.32765000
1734444000000,107298.42000000,108353.00000000,107056.13000000,108258.39000000,2997.39758600
1734447600000,108258.38000000,108258.38000000,105725.99000000,106478.47000000,4148.52325000
1734451200000,106478.48000000,107100.86000000,106148.00000000,107075.72000000,1719.47030000
1734454800000,107075.73000000,107617.12000000,106713.96000000,107506.37000000,1501.46563000
1734458400000,107506.37000000,107633.00000000,106410.55000000,106551.89000000,1312.39668000
1734462000000,106551.89000000,106986.44000000,106216.06000000,106475.89000000,1342.02320000
1734465600000,106475.89000000,106903.99000000,106156.22000000,106732.98000000,1003.81925000
1734469200000,106732.98000000,106799.18000000,106236.53000000,106411.54000000,442.63546000
1734472800000,106411.53000000,106419.38000000,105321.49000000,105972.01000000,1143.43647000
1734476400000,105972.00000000,106350.01000000,105550.00000000,106133.74000000,1216.85768000
1734480000000,106133.74000000,106460.00000000,105620.03000000,106098.93000000,999.41593000
1734483600000,106098.92000000,106524.98000000,104942.32000000,105332.84000000,2375.39062000
1734487200000,105335.23000000,105651.88000000,105016.00000000,105312.91000000,985.53584000
1734490800000,105312.90000000,105331.63000000,104581.58000000,104763.98000000,1424.59685000
1734494400000,104763.99000000,104763.99000000,103516.98000000,103868.01000000,2603.97627000
1734498000000,103868.00000000,104125.18000000,103276.00000000,103572.17000000,1659.21540000
1734501600000,103572.16000000,104000.21000000,103137.82000000,103794.65000000,1754.37180000
1734505200000,103794.65000000,104317.82000000,103702.32000000,104250.75000000,1239.07366000
1734508800000,104250.75000000,104378.92000000,103729.18000000,103805.43000000,707.25432000
1734512400000,103805.42000000,104435.00000000,103804.66000000,104047.99000000,794.73016000
1734516000000,104047.99000000,104659.25000000,103984.00000000,104531.03000000,547.48679000
1734519600000,104531.03000000,105033.33000000,104500.00000000,105028.33000000,878.17039000
1734523200000,105028.33000000,105350.00000000,104687.44000000,104920.01000000,1428.18959000
1734526800000,104920.02000000,105271.80000000,104532.01000000,104580.58000000,888.46850000
1734530400000,104580.57000000,104860.66000000,103855.07000000,104019.93000000,2756.64761000
1734534000000,104019.94000000,104569.41000000,103650.00000000,104428.54000000,2169.56095000
1734537600000,104428.54000000,104474.14000000,103380.43000000,104199.62000000,2165.97625000
1734541200000,104199.63000000,104819.83000000,103876.00000000,104656.18000000,998.63962000
1734544800000,104656.18000000,104999.98000000,104150.01000000,104808.99000000,1126.27380000
1734548400000,104805.44000000,104805.44000000,102817.82000000,102817.82000000,4875.44811000
1734552000000,102817.82000000,102997.77000000,100303.72000000,100846.67000000,10402.44410000
1734555600000,100846.68000000,101745.45000000,100481.81000000,101010.55000000,3022.31056000
1734559200000,101010.54000000,101560.89000000,100648.99000000,101152.45000000,1684.68673000
1734562800000,101152.45000000,101203.45000000,100000.00000000,100204.01000000,2820.13370000
1734566400000,100204.01000000,100986.09000000,100128.00000000,100831.16000000,2011.20722000
1734570000000,100831.17000000,100903.28000000,99605.98000000,99768.97000000,1922.58004000
1734573600000,99768.97000000,100534.56000000,98802.00000000,100534.56000000,4808.23260000
1734577200000,100534.56000000,101310.25000000,100456.00000000,101193.15000000,2269.12938000
1734580800000,101193.15000000,101228.31000000,100629.99000000,100671.62000000,834.97520000
1734584400000,100671.62000000,101415.25000000,100671.62000000,101300.01000000,935.02447000
1734588000000,101300.01000000,101392.15000000,101015.44000000,101200.01000000,712.40267000
1734591600000,101200.01000000,101727.28000000,101124.46000000,101656.57000000,716.67385000
1734595200000,101656.57000000,101820.00000000,101380.10000000,101640.40000000,745.81150000
1734598800000,101640.40000000,101873.08000000,101537.56000000,101815.99000000,863.07944000
1734602400000,101815.99000000,102609.72000000,101758.19000000,102409.34000000,1608.23665000
1734606000000,102409.34000000,102514.05000000,102176.38000000,102449.99000000,857.73867000
1734609600000,102450.00000000,102559.21000000,101882.09000000,101988.00000000,1055.08532000
1734613200000,101987.99000000,102216.07000000,101667.00000000,101952.44000000,1706.53325000
1734616800000,101952.44000000,102800.11000000,100694.07000000,100942.41000000,3192.18817000
1734620400000,100942.41000000,101063.38000000,99500.00000000,100679.86000000,4543.00113000
1734624000000,100679.86000000,101200.00000000,99830.00000000,100716.30000000,2127.60244000
1734627600000,100716.30000000,100748.87000000,97500.00000000,98855.86000000,5111.98146000
1734631200000,98855.86000000,98952.73000000,96900.00000000,98932.73000000,5024.54216000
1734634800000,98932.72000000,99064.06000000,96251.32000000,97199.72000000,3592.37286000
1734638400000,97199.72000000,97312.00000000,95700.00000000,96409.54000000,4430.95326000
1734642000000,96409.55000000,98090.90000000,95828.98000000,97417.66000000,2612.13623000
1734645600000,97417.66000000,98500.00000000,97231.02000000,98391.21000000,1990.04732000
1734649200000,98391.21000000,98400.01000000,97455.30000000,97461.86000000,1475.86271000
1734652800000,97461.86000000,97814.09000000,96648.78000000,97248.22000000,2526.33162000
1734656400000,97248.22000000,97542.68000000,96159.84000000,96319.99000000,2512.42589000
1734660000000,96319.99000000,97731.91000000,96000.00000000,97632.59000000,2632.07757000
1734663600000,97632.59000000,97784.81000000,96969.70000000,97106.02000000,1041.19363000
1734667200000,97106.02000000,97838.98000000,96839.40000000,97304.07000000,1275.17255000
1734670800000,97304.07000000,97491.95000000,96672.47000000,96734.32000000,1339.46566000
1734674400000,96734.33000000,97303.99000000,96374.03000000,97281.37000000,1663.60632000
1734678000000,97281.38000000,98233.00000000,97276.50000000,97832.53000000,2593.15424000
1734681600000,97832.52000000,97864.91000000,95300.00000000,95473.74000000,3437.65104000
1734685200000,95473.74000000,95738.79000000,94682.27000000,94811.85000000,4514.51169000
1734688800000,94811.85000000,95114.71000000,94000.00000000,94359.53000000,4759.81141000
1734692400000,94359.54000000,94749.92000000,92612.10000000,92723.98000000,6297.21711000
1734696000000,92723.99000000,94244.00000000,92232.54000000,93941.75000000,5424.78009000
1734699600000,93941.74000000,95803.57000000,93581.32000000,95204.00000000,4179.24629000
1734703200000,95204.00000000,96235.29000000,94745.87000000,95627.99000000,3245.11909000
1734706800000,95628.00000000,97572.00000000,95608.01000000,96991.62000000,3494.16219000
1734710400000,96991.63000000,97700.00000000,96300.00000000,96727.99000000,2894.10090000
1734714000000,96728.00000000,97375.45000000,96427.00000000,97206.59000000,1735.72497000
1734717600000,97206.60000000,97308.39000000,96602.69000000,96993.58000000,1216.44814000
1734721200000,96992.26000000,97748.00000000,96840.00000000,97116.00000000,1339.74895000
1734724800000,97116.00000000,97232.00000000,96422.06000000,96451.88000000,1354.12601000
1734728400000,96451.88000000,96647.36000000,95393.84000000,96623.29000000,1604.60540000
1734732000000,96623.29000000,97513.00000000,96451.03000000,97463.93000000,978.34197000
1734735600000,97463.93000000,97816.44000000,97389.38000000,97805.44000000,825.11297000
1734739200000,97805.44000000,97813.59000000,97216.32000000,97525.77000000,941.26945000
1734742800000,97525.77000000,97668.68000000,97198.76000000,97357.23000000,939.89900000
1734746400000,97357.23000000,97610.54000000,97188.09000000,97396.00000000,507.91033000
1734750000000,97396.00000000,97487.47000000,97244.00000000,97487.46000000,489.58985000
1734753600000,97487.47000000,97643.00000000,97378.50000000,97588.00000000,424.52783000
1734757200000,97588.00000000,98692.00000000,97541.06000000,98691.98000000,1167.51919000
1734760800000,98691.98000000,98837.49000000,98318.60000000,98726.76000000,1768.19966000
1734764400000,98726.76000000,99540.61000000,98500.00000000,99040.00000000,2107.70340000
1734768000000,99040.00000000,99187.95000000,98438.01000000,98650.00000000,1024.17691000
1734771600000,98650.00000000,98686.77000000,98296.01000000,98565.82000000,668.62346000
1734775200000,98565.82000000,98649.90000000,98043.12000000,98131.22000000,904.66058000
1734778800000,98131.22000000,98424.77000000,97800.00000000,98262.08000000,836.65859000
1734782400000,98262.08000000,98283.95000000,97105.26000000,97131.99000000,1762.27838000
1734786000000,97132.00000000,97500.48000000,96398.39000000,97344.54000000,2544.04817000
1734789600000,97344.02000000,97755.35000000,97069.40000000,97083.11000000,968.11701000
1734793200000,97083.11000000,97719.86000000,97070.28000000,97527.97000000,655.66124000
1734796800000,97527.96000000,97718.80000000,96951.41000000,97292.00000000,1007.90405000
1734800400000,97292.00000000,97695.80000000,97035.58000000,97595.28000000,805.82908000
1734804000000,97595.29000000,97723.18000000,97287.87000000,97400.01000000,378.39640000
1734807600000,97400.01000000,97436.69000000,96819.36000000,97269.03000000,741.60788000
1734811200000,97269.03000000,98057.51000000,97224.83000000,97456.91000000,882.07806000
1734814800000,97456.92000000,97577.99000000,96539.91000000,96892.00000000,703.06094000
1734818400000,96892.00000000,97399.99000000,96624.00000000,97147.46000000,879.19206000
1734822000000,97147.46000000,97313.26000000,96900.00000000,97291.99000000,374.62991000
1734825600000,97292.00000000,97448.08000000,97052.00000000,97253.01000000,422.37636000
1734829200000,97253.01000000,97432.69000000,96720.00000000,97060.01000000,447.72923000
1734832800000,97060.00000000,97236.18000000,96613.18000000,96719.99000000,371.81103000
1734836400000,96719.99000000,97320.00000000,96549.37000000,96994.37000000,606.61122000
1734840000000,96994.37000000,97071.97000000,96072.00000000,96076.01000000,713.47180000
1734843600000,96076.01000000,96409.64000000,95890.28000000,96156.19000000,1122.09453000
1734847200000,96156.19000000,96749.99000000,96112.00000000,96739.99000000,591.16867000
1734850800000,96740.00000000,96847.99000000,96080.00000000,96210.24000000,554.68137000
1734854400000,96210.25000000,96689.55000000,96196.85000000,96534.50000000,503.87812000
1734858000000,96534.51000000,97256.02000000,96333.50000000,96940.27000000,777.26357000
1734861600000,96940.27000000,97351.57000000,96852.00000000,97009.03000000,522.54613000
1734865200000,97009.03000000,97334.25000000,96988.00000000,97101.28000000,381.30098000
1734868800000,97101.29000000,97300.00000000,96836.36000000,96987.61000000,442.59499000
1734872400000,96987.61000000,97250.00000000,96850.00000000,96976.00000000,512.07060000
1734876000000,96976.00000000,97044.02000000,95254.77000000,95363.44000000,2055.07585000
1734879600000,95363.44000000,95660.80000000,95109.13000000,95377.72000000,1435.16530000
1734883200000,95377.71000000,95888.09000000,95200.00000000,95715.09000000,972.83507000
1734886800000,95715.09000000,95854.54000000,95457.62000000,95612.19000000,554.90428000
1734890400000,95612.18000000,96444.45000000,95371.96000000,95955.22000000,987.27141000
1734894000000,95955.23000000,96152.00000000,94700.00000000,94836.55000000,1395.29769000
1734897600000,94836.55000000,95624.00000000,94424.00000000,95592.49000000,1089.42566000
1734901200000,95592.49000000,95740.00000000,95069.03000000,95203.11000000,734.29415000
1734904800000,95203.10000000,95640.00000000,94250.35000000,95547.41000000,1382.41430000
1734908400000,95547.42000000,95824.00000000,95024.00000000,95186.27000000,777.54805000
1734912000000,95186.28000000,95410.77000000,94333.33000000,94390.84000000,1150.62099000
1734915600000,94390.83000000,95130.01000000,93771.37000000,94449.99000000,1808.05684000
1734919200000,94450.00000000,94786.45000000,93700.42000000,94723.96000000,1620.88771000
1734922800000,94723.96000000,96043.99000000,94610.76000000,96025.15000000,1448.87686000
1734926400000,96025.15000000,96509.98000000,95644.00000000,95832.03000000,912.17420000
1734930000000,95832.02000000,95961.53000000,95352.21000000,95608.02000000,1320.33706000
1734933600000,95608.01000000,95650.76000000,94705.07000000,94824.83000000,941.38747000
1734937200000,94824.83000000,95579.62000000,94824.83000000,95404.01000000,745.23607000
1734940800000,95404.01000000,95554.88000000,95036.77000000,95503.87000000,612.57094000
1734944400000,95503.87000000,96167.98000000,95493.22000000,96013.72000000,893.03527000
1734948000000,96013.72000000,96445.17000000,95962.26000000,96392.39000000,943.52748000
1734951600000,96392.40000000,96538.92000000,95819.79000000,95932.42000000,571.71903000
1734955200000,95932.41000000,96423.00000000,95864.80000000,96305.00000000,862.92265000
1734958800000,96305.00000000,96350.00000000,94832.93000000,94924.34000000,1162.53760000
1734962400000,94924.35000000,95621.54000000,93700.01000000,94389.67000000,3351.51629000
1734966000000,94389.67000000,94430.89000000,93107.52000000,93250.37000000,2940.01344000
1734969600000,93250.38000000,94260.00000000,92928.82000000,93980.61000000,2356.01885000
1734973200000,93980.61000000,94135.47000000,93206.79000000,93364.26000000,1328.46895000
1734976800000,93364.26000000,93747.66000000,92690.00000000,92758.55000000,1297.92664000
1734980400000,92758.54000000,93710.03000000,92702.00000000,93044.79000000,1253.88219000
1734984000000,93044.79000000,93530.01000000,92520.00000000,93186.34000000,1794.60092000
1734987600000,93186.34000000,94305.61000000,93181.83000000,93964.01000000,1407.12075000
1734991200000,93964.01000000,95191.81000000,93911.50000000,95191.81000000,1019.60575000
1734994800000,95191.80000000,95509.09000000,94683.81000000,94881.47000000,1067.72308000
1734998400000,94881.47000000,94881.47000000,94131.11000000,94550.22000000,955.84079000
1735002000000,94550.23000000,94672.00000000,94036.00000000,94123.43000000,567.58156000
1735005600000,94123.43000000,94320.00000000,93569.02000000,93961.45000000,879.60295000
1735009200000,93961.45000000,94400.00000000,93810.02000000,94348.75000000,732.79870000
1735012800000,94348.75000000,94416.00000000,94052.70000000,94412.30000000,546.31234000
1735016400000,94412.30000000,94653.45000000,94311.55000000,94606.06000000,412.67676000
1735020000000,94606.06000000,94606.07000000,93830.47000000,93918.99000000,591.57780000
1735023600000,93918.99000000,94313.61000000,93810.45000000,94233.19000000,448.92608000
1735027200000,94233.20000000,94635.70000000,94125.42000000,94495.77000000,633.45604000
1735030800000,94495.77000000,94530.42000000,93952.00000000,94068.01000000,446.78916000
1735034400000,94068.01000000,94194.07000000,93840.00000000,93972.01000000,389.62902000
1735038000000,93972.01000000,94425.70000000,93934.69000000,94398.60000000,466.22641000
1735041600000,94398.60000000,94410.39000000,94075.10000000,94304.32000000,421.20785000
1735045200000,94305.84000000,96094.00000000,94289.24000000,96085.02000000,1620.10206000
1735048800000,96085.02000000,97498.64000000,95864.50000000,97465.06000000,2637.73752000
1735052400000,97465.06000000,98300.00000000,97235.55000000,98300.00000000,2291.31734000
1735056000000,98299.99000000,98666.00000000,97964.00000000,98496.23000000,2172.24903000
1735059600000,98496.23000000,99030.72000000,98325.78000000,98797.47000000,1789.42098000
1735063200000,98797.47000000,99487.99000000,98418.16000000,98618.66000000,1479.28279000
1735066800000,98618.66000000,98743.52000000,97546.57000000,97581.09000000,1005.96025000
1735070400000,97581.10000000,98056.27000000,97250.00000000,97298.01000000,1248.65596000
1735074000000,97298.02000000,98462.28000000,97277.90000000,98397.96000000,791.97528000
1735077600000,98397.95000000,99068.90000000,98355.43000000,98777.11000000,751.43045000
1735081200000,98777.10000000,99019.10000000,98492.67000000,98663.58000000,393.46776000
1735084800000,98663.58000000,98878.44000000,98393.60000000,98418.42000000,715.42470000
1735088400000,98418.42000000,98597.60000000,97901.08000000,97983.18000000,598.00500000
1735092000000,97983.17000000,98353.99000000,97725.27000000,98131.07000000,593.82651000
1735095600000,98131.07000000,98280.02000000,97930.53000000,98029.48000000,439.76979000
1735099200000,98029.49000000,98354.39000000,97875.91000000,98236.01000000,336.98364000
1735102800000,98236.01000000,98360.65000000,98159.09000000,98279.28000000,255.48309000
1735106400000,98279.28000000,98581.90000000,97844.18000000,97884.38000000,454.70940000
1735110000000,97884.39000000,98366.79000000,97873.49000000,98084.33000000,407.46219000
1735113600000,98084.33000000,98271.76000000,97926.99000000,98069.71000000,389.90170000
1735117200000,98069.72000000,98265.07000000,98007.69000000,98189.54000000,332.61032000
1735120800000,98189.55000000,99349.31000000,98145.75000000,98457.00000000,1287.95699000
1735124400000,98456.99000000,98866.77000000,97773.83000000,97907.61000000,1015.89784000
1735128000000,97907.61000000,98610.11000000,97632.02000000,98176.03000000,1309.05980000
1735131600000,98176.02000000,98609.89000000,98131.85000000,98462.56000000,455.54429000
1735135200000,98462.57000000,98832.89000000,98257.32000000,98710.00000000,550.83181000
1735138800000,98710.00000000,98724.00000000,98202.43000000,98519.98000000,527.91917000
1735142400000,98519.99000000,98696.40000000,98134.40000000,98425.51000000,508.99836000
1735146000000,98425.50000000,98659.00000000,98185.21000000,98570.82000000,344.11537000
1735149600000,98570.82000000,98978.18000000,98544.22000000,98756.26000000,567.60019000
1735153200000,98756.26000000,99299.99000000,98734.66000000,99018.52000000,674.13162000
1735156800000,99018.52000000,99400.00000000,98870.95000000,99144.62000000,542.46107000
1735160400000,99144.62000000,99555.00000000,98384.61000000,98506.36000000,873.33545000
1735164000000,98506.37000000,99100.00000000,98434.78000000,98811.16000000,466.68630000
1735167600000,98811.16000000,99569.15000000,98811.16000000,99429.60000000,825.45050000
1735171200000,99429.61000000,99963.70000000,98955.77000000,99028.66000000,1112.66226000
1735174800000,99028.66000000,99250.00000000,98590.00000000,99057.01000000,842.68396000
1735178400000,99057.02000000,99194.21000000,98468.26000000,98750.34000000,755.75962000
1735182000000,98750.34000000,99167.12000000,98576.77000000,98995.17000000,627.92857000
1735185600000,98995.18000000,98995.18000000,98255.00000000,98300.00000000,629.92754000
1735189200000,98300.00000000,98460.00000000,98076.58000000,98375.01000000,634.59553000
1735192800000,98375.01000000,98484.00000000,98023.10000000,98121.20000000,471.41543000
1735196400000,98121.21000000,98292.00000000,97711.17000000,97719.99000000,802.99524000
1735200000000,97719.99000000,97772.13000000,95616.18000000,95878.56000000,3318.24181000
1735203600000,95878.56000000,95978.52000000,95420.26000000,95439.25000000,1084.30994000
1735207200000,95439.40000000,95777.40000000,95199.14000000,95500.02000000,836.54692000
1735210800000,95500.02000000,96035.50000000,95469.53000000,95695.81000000,817.15898000
1735214400000,95695.81000000,95880.60000000,95462.57000000,95680.71000000,526.11877000
1735218000000,95680.71000000,95772.90000000,95288.00000000,95704.44000000,919.98638000
1735221600000,95704.45000000,96280.25000000,95234.93000000,95449.36000000,1656.27872000
1735225200000,95449.36000000,96216.91000000,95270.00000000,96042.88000000,1165.18448000
1735228800000,96042.89000000,96621.95000000,95816.86000000,96519.47000000,1018.76508000
1735232400000,96519.47000000,96547.99000000,95680.00000000,95824.27000000,772.56303000
1735236000000,95824.27000000,95986.40000000,95458.66000000,95743.44000000,530.95010000
1735239600000,95743.44000000,96198.58000000,95444.44000000,96102.25000000,569.90971000
1735243200000,96102.24000000,96114.46000000,95400.00000000,95589.60000000,630.68028000
1735246800000,95589.60000000,95933.74000000,95302.00000000,95812.63000000,597.64881000
1735250400000,95812.63000000,95963.86000000,95625.00000000,95821.92000000,326.30061000
1735254000000,95821.92000000,95887.99000000,95372.32000000,95791.60000000,543.75550000
1735257600000,95791.60000000,95930.39000000,95401.03000000,95794.56000000,627.70553000
1735261200000,95794.55000000,96250.00000000,95575.07000000,95917.03000000,726.33893000
1735264800000,95917.02000000,96443.68000000,95718.75000000,96073.77000000,973.05088000
1735268400000,96073.77000000,96443.00000000,95982.51000000,96417.84000000,608.14876000
1735272000000,96417.84000000,96595.98000000,96229.39000000,96300.00000000,892.67108000
1735275600000,96300.01000000,96333.77000000,96001.00000000,96238.89000000,623.74969000
1735279200000,96238.89000000,96594.44000000,96107.28000000,96594.16000000,389.55148000
1735282800000,96594.17000000,96604.24000000,94646.03000000,95104.76000000,2694.55677000
1735286400000,95104.76000000,96395.00000000,95104.76000000,95724.02000000,1419.07808000
1735290000000,95724.01000000,97544.58000000,95674.00000000,96774.13000000,2345.43490000
1735293600000,96774.14000000,97029.25000000,96195.20000000,96605.46000000,732.07575000
1735297200000,96605.46000000,96953.71000000,96377.77000000,96952.38000000,466.91984000
1735300800000,96952.38000000,97035.80000000,96617.64000000,96686.75000000,616.98763000
1735304400000,96686.74000000,96686.74000000,96229.66000000,96407.99000000,791.88930000
1735308000000,96407.99000000,96480.00000000,95161.17000000,95691.99000000,1516.74425000
1735311600000,95692.00000000,95718.13000000,94011.11000000,94573.75000000,3500.11218000
1735315200000,94573.75000000,94996.16000000,94101.02000000,94165.92000000,1635.42881000
1735318800000,94165.92000000,94354.82000000,93500.01000000,94291.30000000,2312.03777000
1735322400000,94291.30000000,94770.15000000,94212.30000000,94566.06000000,756.45526000
1735326000000,94566.05000000,94810.07000000,94252.00000000,94750.00000000,575.05533000
1735329600000,94750.11000000,94778.43000000,94313.82000000,94588.12000000,742.35545000
1735333200000,94588.12000000,94823.09000000,94379.35000000,94526.07000000,397.53728000
1735336800000,94526.07000000,94674.50000000,94200.00000000,94437.75000000,459.69514000
1735340400000,94437.75000000,94526.09000000,94100.60000000,94299.03000000,697.68420000
1735344000000,94299.03000000,94544.35000000,94243.32000000,94398.75000000,435.25082000
1735347600000,94398.75000000,94615.24000000,94135.66000000,94556.93000000,377.17171000
1735351200000,94556.92000000,94619.00000000,94276.01000000,94338.00000000,288.78768000
1735354800000,94338.00000000,94720.00000000,94335.88000000,94594.91000000,240.31584000
1735358400000,94594.91000000,94643.87000000,94511.71000000,94524.00000000,185.04174000
1735362000000,94524.00000000,94800.00000000,94523.99000000,94625.64000000,245.81860000
1735365600000,94625.64000000,94724.88000000,94405.28000000,94466.49000000,304.41114000
1735369200000,94466.49000000,94634.25000000,94307.00000000,94381.99000000,235.91255000
1735372800000,94381.98000000,94539.43000000,94312.67000000,94488.01000000,189.15654000
1735376400000,94488.01000000,94692.30000000,94488.01000000,94589.27000000,281.34727000
1735380000000,94589.28000000,94716.06000000,94502.21000000,94619.99000000,276.54014000
1735383600000,94620.00000000,94883.00000000,94600.00000000,94754.83000000,316.63364000
1735387200000,94754.83000000,94880.00000000,94577.66000000,94599.57000000,294.25135000
1735390800000,94599.56000000,94761.33000000,94496.73000000,94665.94000000,394.23476000
1735394400000,94665.29000000,95340.36000000,94411.76000000,94583.99000000,905.83186000
1735398000000,94583.99000000,94819.57000000,94375.80000000,94447.29000000,418.82501000
1735401600000,94447.28000000,94923.06000000,94389.45000000,94874.89000000,556.98186000
1735405200000,94874.89000000,95245.24000000,94810.51000000,95022.57000000,570.88991000
1735408800000,95022.58000000,95100.00000000,94715.16000000,94837.31000000,305.64776000
1735412400000,94837.31000000,95138.05000000,94837.30000000,95027.76000000,265.45992000
1735416000000,95027.75000000,95151.13000000,94878.26000000,95083.05000000,193.31417000
1735419600000,95083.05000000,95223.72000000,94968.86000000,95171.67000000,208.89259000
1735423200000,95171.67000000,95733.99000000,95047.11000000,95326.40000000,556.46419000
1735426800000,95326.40000000,95408.90000000,95112.43000000,95300.00000000,338.71185000
1735430400000,95300.00000000,95340.00000000,95042.60000000,95148.49000000,283.78071000
1735434000000,95148.49000000,95210.22000000,94808.00000000,94857.65000000,316.37330000
1735437600000,94857.66000000,95211.88000000,94851.25000000,95154.50000000,237.18289000
1735441200000,95154.50000000,95221.69000000,94978.33000000,95172.40000000,215.77474000
1735444800000,95172.41000000,95283.99000000,95063.40000000,95126.39000000,211.83200000
1735448400000,95126.39000000,95199.97000000,95071.21000000,95118.89000000,135.90901000
1735452000000,95118.89000000,95212.00000000,94971.44000000,95181.70000000,270.97676000
1735455600000,95181.70000000,95272.05000000,95076.68000000,95272.04000000,257.21309000
1735459200000,95272.05000000,95315.50000000,95078.50000000,95123.33000000,184.58621000
1735462800000,95123.33000000,95211.41000000,95048.30000000,95190.49000000,175.08412000
1735466400000,95190.50000000,95278.85000000,95102.76000000,95167.83000000,284.07406000
1735470000000,95167.83000000,95183.61000000,95010.00000000,95032.57000000,144.75849000
1735473600000,95032.58000000,95130.24000000,94900.82000000,94907.89000000,264.05508000
1735477200000,94907.88000000,95015.18000000,94800.00000000,94928.20000000,484.06443000
1735480800000,94928.20000000,95231.58000000,94010.00000000,94623.67000000,1574.50585000
1735484400000,94623.68000000,94794.79000000,94404.90000000,94511.12000000,558.58884000
1735488000000,94511.11000000,94578.89000000,93600.00000000,93900.01000000,1573.86589000
1735491600000,93900.01000000,94117.50000000,93800.37000000,93945.01000000,611.15623000
1735495200000,93945.00000000,93945.01000000,93600.00000000,93652.00000000,863.75577000
1735498800000,93652.00000000,93880.00000000,93367.52000000,93612.89000000,991.70232000
1735502400000,93612.89000000,93880.00000000,93345.00000000,93858.55000000,721.84653000
1735506000000,93858.55000000,93949.52000000,93121.00000000,93352.65000000,1034.06452000
1735509600000,93352.65000000,93770.41000000,93087.97000000,93135.32000000,1143.65741000
1735513200000,93135.32000000,93871.02000000,93009.52000000,93738.20000000,1037.19753000
1735516800000,93738.19000000,93908.24000000,93500.00000000,93583.96000000,575.76998000
1735520400000,93583.96000000,94274.29000000,93368.93000000,93948.42000000,1152.47209000
1735524000000,93948.41000000,93973.61000000,93413.72000000,93906.41000000,767.45195000
1735527600000,93906.41000000,94080.00000000,93639.87000000,93722.71000000,402.93622000
1735531200000,93722.72000000,93979.45000000,93264.14000000,93280.26000000,563.78609000
1735534800000,93280.27000000,93581.53000000,93240.03000000,93581.53000000,472.45526000
1735538400000,93581.53000000,94060.35000000,93517.38000000,93901.29000000,632.83617000
1735542000000,93901.29000000,93947.99000000,93319.99000000,93731.65000000,770.90489000
1735545600000,93731.66000000,93967.21000000,93723.29000000,93851.11000000,373.21320000
1735549200000,93851.10000000,94023.84000000,93686.68000000,93892.35000000,459.50171000
1735552800000,93892.35000000,94068.56000000,93730.95000000,93793.27000000,304.04427000
1735556400000,93793.27000000,93953.09000000,93469.56000000,93923.14000000,547.14351000
1735560000000,93923.14000000,94277.23000000,93722.06000000,93750.69000000,646.55159000
1735563600000,93750.68000000,93820.90000000,92613.00000000,92680.52000000,2283.46335000
1735567200000,92680.52000000,93120.00000000,91820.46000000,91883.99000000,3137.00815000
1735570800000,91884.00000000,92473.32000000,91530.45000000,92130.21000000,3228.93941000
1735574400000,92130.21000000,92227.17000000,91800.00000000,92120.60000000,1185.04222000
1735578000000,92120.60000000,94200.00000000,91980.53000000,93832.83000000,2087.38638000
1735581600000,93832.82000000,94684.09000000,93570.00000000,94583.99000000,1962.74282000
1735585200000,94583.98000000,94622.75000000,93939.29000000,94417.04000000,895.80875000
1735588800000,94417.04000000,95024.50000000,94296.75000000,94338.80000000,1146.04057000
1735592400000,94338.80000000,94376.30000000,91901.57000000,92076.00000000,2274.79849000
1735596000000,92076.00000000,93027.69000000,91948.00000000,92784.75000000,1170.61959000
1735599600000,92784.76000000,92893.40000000,92389.28000000,92792.05000000,578.50584000
1735603200000,92792.05000000,92907.03000000,92375.15000000,92450.00000000,584.04771000
1735606800000,92450.00000000,92575.76000000,92033.73000000,92435.57000000,1243.12207000
1735610400000,92435.73000000,92702.43000000,92303.21000000,92476.35000000,413.58133000
1735614000000,92476.35000000,92654.74000000,92250.00000000,92509.59000000,432.51551000
1735617600000,92509.60000000,92832.29000000,92344.07000000,92448.00000000,508.87389000
1735621200000,92448.00000000,92750.00000000,92357.71000000,92596.08000000,330.97028000
1735624800000,92596.08000000,93040.10000000,92568.50000000,92816.00000000,585.69313000
1735628400000,92816.00000000,92910.03000000,92770.00000000,92860.75000000,485.23565000
1735632000000,92860.75000000,94741.68000000,92842.88000000,93933.38000000,1778.41415000
1735635600000,93933.38000000,94151.52000000,93831.24000000,94023.88000000,694.62156000
1735639200000,94023.88000000,94271.29000000,93664.06000000,94113.69000000,715.16946000
1735642800000,94113.69000000,94285.12000000,93984.00000000,94232.68000000,540.22294000
1735646400000,94232.68000000,94958.85000000,94232.67000000,94539.85000000,1252.18005000
1735650000000,94539.86000000,96054.79000000,94524.43000000,95587.12000000,1803.50187000
1735653600000,95587.12000000,96250.00000000,95372.35000000,95679.17000000,1504.33717000
1735657200000,95679.17000000,95982.62000000,94909.12000000,95412.00000000,1362.37354000
1735660800000,95412.00000000,95590.52000000,94606.40000000,94868.42000000,1042.48497000
1735664400000,94868.41000000,95047.71000000,93189.59000000,94120.94000000,1332.40373000
1735668000000,94120.92000000,94416.72000000,93779.80000000,93875.68000000,816.81017000
1735671600000,93875.69000000,94290.91000000,93712.45000000,94166.88000000,462.79342000
1735675200000,94166.88000000,94222.50000000,93450.17000000,93564.04000000,733.04147000
1735678800000,93564.01000000,93964.15000000,93504.67000000,93899.68000000,337.52715000
1735682400000,93899.67000000,93899.67000000,93375.58000000,93488.84000000,315.53272000
1735686000000,93488.83000000,93756.00000000,93375.38000000,93576.00000000,336.57995000
1735689600000,93576.00000000,94509.42000000,93489.03000000,94401.14000000,755.99010000
1735693200000,94401.13000000,94408.72000000,93578.77000000,93607.74000000,586.53456000
1735696800000,93607.74000000,94105.12000000,93594.56000000,94098.91000000,276.78045000
1735700400000,94098.90000000,94098.91000000,93728.22000000,93838.04000000,220.99302000
1735704000000,93838.04000000,93838.04000000,93500.00000000,93553.91000000,279.46909000
1735707600000,93553.91000000,93937.19000000,93547.40000000,93792.02000000,209.17940000
1735711200000,93792.02000000,93792.02000000,93568.38000000,93757.58000000,272.27846000
1735714800000,93757.57000000,93800.00000000,93664.08000000,93684.10000000,197.93458000
1735718400000,93684.11000000,93756.02000000,93304.00000000,93428.46000000,481.71173000
1735722000000,93428.47000000,93486.29000000,92888.00000000,93413.06000000,798.49773000
1735725600000,93413.07000000,93536.75000000,93284.00000000,93326.23000000,265.55192000
1735729200000,93326.24000000,93705.08000000,93200.00000000,93444.64000000,321.72225000
1735732800000,93444.65000000,93972.00000000,93407.07000000,93820.76000000,499.35613000
1735736400000,93820.75000000,94058.79000000,93600.28000000,94031.76000000,340.36387000
1735740000000,94031.77000000,94450.85000000,93671.48000000,94175.89000000,751.90697000
1735743600000,94175.89000000,94500.00000000,93900.00000000,94432.94000000,486.08395000
1735747200000,94432.94000000,94492.00000000,93922.00000000,94090.49000000,580.27384000
1735750800000,94090.50000000,94189.16000000,93760.93000000,94143.85000000,303.86795000
1735754400000,94143.84000000,94380.44000000,93936.44000000,94340.06000000,291.78831000
1735758000000,94340.06000000,94823.75000000,94148.34000000,94627.07000000,545.12372000
1735761600000,94627.08000000,94852.70000000,94579.83000000,94786.23000000,424.42468000
1735765200000,94786.23000000,95151.15000000,94687.87000000,94978.48000000,636.81156000
1735768800000,94978.48000000,94997.32000000,94685.81000000,94802.98000000,409.77402000
1735772400000,94802.99000000,94952.29000000,94542.00000000,94591.79000000,436.90784000
1735776000000,94591.78000000,95381.70000000,94392.00000000,95128.59000000,1181.76573000
1735779600000,95128.59000000,95516.00000000,94699.69000000,94862.72000000,1143.36617000
1735783200000,94862.73000000,95234.37000000,94803.03000000,95234.36000000,455.65000000
1735786800000,95234.37000000,95299.24000000,94913.75000000,95010.33000000,290.28586000
1735790400000,95010.34000000,96000.00000000,94984.84000000,95708.07000000,925.61919000
1735794000000,95708.07000000,95800.00000000,95395.21000000,95596.48000000,702.11721000
1735797600000,95596.48000000,95697.01000000,95380.04000000,95574.99000000,517.46772000
1735801200000,95575.00000000,95880.00000000,95505.35000000,95822.00000000,452.62773000
1735804800000,95822.01000000,96211.54000000,95640.05000000,96150.00000000,844.76163000
1735808400000,96150.00000000,96799.86000000,96036.86000000,96755.51000000,976.02528000
1735812000000,96755.51000000,96808.37000000,96538.77000000,96708.00000000,826.74686000
1735815600000,96708.00000000,96876.38000000,96469.46000000,96732.99000000,533.66374000
1735819200000,96733.00000000,96895.00000000,96609.42000000,96850.01000000,677.30510000
1735822800000,96850.01000000,96988.05000000,96436.00000000,96458.17000000,903.27447000
1735826400000,96458.17000000,97440.91000000,95924.60000000,97256.49000000,3007.10456000
1735830000000,97256.48000000,97323.16000000,96164.78000000,96455.01000000,2007.04700000
1735833600000,96455.01000000,97650.00000000,96040.04000000,97229.74000000,1725.02990000
1735837200000,97229.75000000,97591.84000000,96325.44000000,96757.57000000,1272.75775000
1735840800000,96757.57000000,97350.00000000,96400.00000000,97319.74000000,839.90460000
1735844400000,97319.74000000,97777.00000000,97200.00000000,97317.74000000,714.40965000
1735848000000,97317.74000000,97839.50000000,97300.00000000,97306.46000000,718.84680000
1735851600000,97306.46000000,97355.77000000,97040.16000000,97212.68000000,394.14727000
1735855200000,97212.69000000,97212.69000000,96666.66000000,96911.04000000,418.78092000
1735858800000,96911.04000000,97077.78000000,96758.17000000,96984.79000000,441.78434000
1735862400000,96984.79000000,97080.96000000,96796.56000000,96825.82000000,315.00973000
1735866000000,96825.83000000,97000.00000000,96650.00000000,96985.47000000,342.35914000
1735869600000,96985.47000000,97342.44000000,96856.98000000,96966.85000000,388.64008000
1735873200000,96966.85000000,97090.91000000,96833.99000000,97062.30000000,255.74920000
1735876800000,97062.30000000,97066.18000000,96766.51000000,96813.41000000,265.52213000
1735880400000,96813.49000000,96860.48000000,96590.28000000,96765.34000000,316.46331000
1735884000000,96765.35000000,96918.56000000,96512.00000000,96539.49000000,382.40263000
1735887600000,96539.49000000,96645.83000000,96280.65000000,96304.00000000,546.86929000
1735891200000,96304.00000000,96529.84000000,96100.01000000,96129.97000000,543.39121000
1735894800000,96129.97000000,96702.48000000,96107.84000000,96554.32000000,527.99485000
1735898400000,96554.32000000,96640.01000000,96402.82000000,96488.53000000,355.37669000
1735902000000,96488.53000000,96830.00000000,96482.51000000,96757.58000000,448.41508000
1735905600000,96757.57000000,96921.36000000,96666.66000000,96666.66000000,387.58240000
1735909200000,96666.66000000,96839.71000000,96472.43000000,96504.79000000,630.80373000
1735912800000,96504.80000000,97342.44000000,96504.79000000,97016.01000000,1390.59074000
1735916400000,97016.00000000,97660.00000000,96759.12000000,97521.35000000,1587.60159000
1735920000000,97521.36000000,98444.42000000,97406.54000000,97868.20000000,1899.91498000
1735923600000,97868.21000000,98299.76000000,97837.63000000,98026.00000000,799.71144000
1735927200000,98025.99000000,98697.86000000,98000.00000000,98527.98000000,813.64324000
1735930800000,98527.97000000,98976.91000000,98491.53000000,98592.01000000,1070.42711000
1735934400000,98592.02000000,98748.00000000,98300.00000000,98311.52000000,846.16971000
1735938000000,98311.51000000,98419.14000000,98196.96000000,98272.70000000,507.38037000
1735941600000,98272.70000000,98512.94000000,98250.00000000,98296.37000000,317.54844000
1735945200000,98296.37000000,98382.19000000,98067.99000000,98174.18000000,314.26227000
1735948800000,98174.17000000,98288.00000000,97887.20000000,97950.01000000,465.14321000
1735952400000,97950.01000000,98095.06000000,97800.00000000,98040.00000000,292.09859000
1735956000000,98040.00000000,98314.15000000,97848.48000000,98304.51000000,368.90158000
1735959600000,98304.51000000,98304.51000000,98052.97000000,98200.00000000,274.68850000
1735963200000,98200.01000000,98200.01000000,97862.87000000,98001.00000000,304.49957000
1735966800000,98001.00000000,98196.51000000,97988.76000000,98126.21000000,249.97787000
1735970400000,98126.21000000,98209.70000000,98039.91000000,98127.54000000,211.92338000
1735974000000,98127.53000000,98350.04000000,98095.17000000,98271.88000000,454.46141000
1735977600000,98271.87000000,98306.22000000,97905.26000000,97906.07000000,303.67578000
1735981200000,97906.08000000,97980.00000000,97532.58000000,97690.37000000,671.79150000
1735984800000,97690.37000000,97859.60000000,97600.00000000,97789.32000000,330.68560000
1735988400000,97789.32000000,97923.07000000,97711.54000000,97889.39000000,279.11118000
1735992000000,97889.40000000,98016.97000000,97800.00000000,97888.12000000,336.79692000
1735995600000,97888.12000000,98068.46000000,97750.00000000,97973.05000000,463.20054000
1735999200000,97973.05000000,98080.15000000,97828.38000000,98035.04000000,329.44160000
1736002800000,98035.05000000,98152.02000000,97514.79000000,97657.94000000,737.78425000
1736006400000,97657.95000000,97874.68000000,97549.99000000,97704.60000000,575.11901000
1736010000000,97704.60000000,98049.99000000,97687.77000000,98016.26000000,251.44705000
1736013600000,98016.26000000,98139.13000000,97909.85000000,97961.56000000,237.21797000
1736017200000,97961.56000000,98350.00000000,97931.23000000,98166.26000000,330.48168000
1736020800000,98166.26000000,98671.02000000,98166.25000000,98599.02000000,441.69473000
1736024400000,98599.02000000,98778.43000000,98344.00000000,98362.43000000,536.37590000
1736028000000,98362.43000000,98484.85000000,98265.91000000,98417.25000000,289.70747000
1736031600000,98417.25000000,98419.14000000,98143.20000000,98220.50000000,253.83122000
1736035200000,98220.51000000,98391.59000000,98154.18000000,98213.43000000,254.43352000
1736038800000,98213.44000000,98322.35000000,98050.00000000,98123.53000000,237.36247000
1736042400000,98123.53000000,98227.49000000,98105.41000000,98227.48000000,187.53679000
1736046000000,98227.49000000,98227.49000000,98069.00000000,98187.96000000,151.23775000
1736049600000,98187.97000000,98522.76000000,98187.96000000,98357.46000000,238.65677000
1736053200000,98357.46000000,98500.00000000,98264.78000000,98358.98000000,212.64998000
1736056800000,98358.98000000,98500.00000000,98304.82000000,98451.47000000,149.61130000
1736060400000,98451.48000000,98464.84000000,98268.77000000,98268.77000000,118.31169000
1736064000000,98268.77000000,98268.78000000,97777.77000000,97861.04000000,511.73930000
1736067600000,97861.04000000,97943.02000000,97637.93000000,97652.20000000,341.13546000
1736071200000,97652.21000000,97776.68000000,97600.00000000,97737.48000000,331.79062000
1736074800000,97737.48000000,97822.16000000,97615.13000000,97641.63000000,186.71771000
1736078400000,97641.62000000,97956.66000000,97569.04000000,97770.01000000,316.47526000
1736082000000,97770.01000000,98018.96000000,97680.18000000,97689.96000000,281.94319000
1736085600000,97689.96000000,97967.08000000,97276.79000000,97855.06000000,776.65874000
1736089200000,97855.06000000,98281.89000000,97702.30000000,98028.98000000,492.23074000
1736092800000,98028.98000000,98332.54000000,97937.82000000,98035.17000000,454.56381000
1736096400000,98035.17000000,98078.94000000,97673.57000000,97731.08000000,358.65597000
1736100000000,97731.09000000,97927.98000000,97577.46000000,97918.91000000,301.29033000
1736103600000,97918.91000000,98109.00000000,97854.99000000,98079.63000000,306.85684000
1736107200000,98079.64000000,98678.00000000,98024.00000000,98275.71000000,680.46167000
1736110800000,98275.71000000,98522.46000000,98216.58000000,98496.52000000,327.78368000
1736114400000,98496.52000000,98745.45000000,98344.00000000,98695.21000000,407.85275000
1736118000000,98695.21000000,98836.85000000,98322.72000000,98363.61000000,469.68089000
1736121600000,98363.61000000,98773.48000000,98190.75000000,98217.23000000,494.23065000
1736125200000,98217.23000000,98816.28000000,97920.00000000,98759.43000000,567.37864000
1736128800000,98759.42000000,99333.00000000,98649.97000000,98815.39000000,1613.41986000
1736132400000,98815.39000000,99235.99000000,98759.55000000,99037.57000000,522.19415000
1736136000000,99037.57000000,99500.88000000,99037.57000000,99466.09000000,645.50660000
1736139600000,99466.09000000,99892.00000000,99400.00000000,99600.00000000,939.38016000
1736143200000,99600.00000000,99763.99000000,99382.31000000,99512.21000000,803.84933000
1736146800000,99512.21000000,99529.87000000,99161.14000000,99318.70000000,555.89718000
1736150400000,99318.70000000,99625.69000000,99000.00000000,99043.49000000,674.33231000
1736154000000,99043.49000000,99250.00000000,98942.46000000,98999.99000000,447.39111000
1736157600000,99000.00000000,99057.95000000,98709.28000000,98767.96000000,525.86727000
1736161200000,98767.96000000,99410.23000000,98712.00000000,99259.99000000,667.86775000
1736164800000,99259.99000000,99713.13000000,99142.43000000,99157.12000000,624.14409000
1736168400000,99157.12000000,99575.85000000,98909.82000000,99492.51000000,631.22473000
1736172000000,99492.50000000,101295.23000000,98711.94000000,100737.03000000,3487.88537000
1736175600000,100737.03000000,102468.92000000,100481.99000000,102147.95000000,3664.96939000
1736179200000,102147.95000000,102480.00000000,101719.59000000,102158.67000000,2145.59016000
1736182800000,102158.67000000,102158.68000000,101250.00000000,101831.95000000,1517.05213000
1736186400000,101831.95000000,102053.61000000,101578.12000000,101738.80000000,834.30560000
1736190000000,101738.81000000,102032.00000000,101639.60000000,101817.22000000,631.18014000
1736193600000,101817.22000000,102318.50000000,101800.00000000,102127.38000000,1458.54383000
1736197200000,102126.90000000,102329.98000000,101600.05000000,101611.92000000,1010.19790000
1736200800000,101611.92000000,102084.13000000,101600.06000000,102011.98000000,365.15756000
1736204400000,102011.98000000,102239.58000000,101896.87000000,102235.60000000,435.86784000
1736208000000,102235.60000000,102724.38000000,101950.00000000,102042.46000000,980.37078000
1736211600000,102042.47000000,102071.90000000,101684.95000000,101915.66000000,558.30589000
1736215200000,101915.66000000,102018.98000000,101651.67000000,101677.66000000,392.40922000
1736218800000,101677.66000000,101818.19000000,101512.91000000,101708.08000000,426.32949000
1736222400000,101708.09000000,101925.77000000,101667.01000000,101667.02000000,289.09956000
1736226000000,101667.02000000,101786.07000000,101582.79000000,101743.47000000,341.58829000
1736229600000,101743.47000000,101894.47000000,101648.56000000,101820.53000000,336.00222000
1736233200000,101820.53000000,102015.01000000,101640.47000000,101664.81000000,526.07792000
1736236800000,101664.81000000,101995.64000000,101618.04000000,101905.08000000,455.62174000
1736240400000,101905.08000000,101914.11000000,101632.06000000,101723.19000000,490.40273000
1736244000000,101723.18000000,101723.19000000,101379.45000000,101406.78000000,716.36897000
1736247600000,101406.78000000,101453.00000000,100472.45000000,100830.86000000,1572.48188000
1736251200000,100830.86000000,100956.99000000,100628.43000000,100750.89000000,725.09465000
1736254800000,100750.88000000,100960.06000000,100615.63000000,100636.80000000,744.04629000
1736258400000,100636.80000000,100862.91000000,99732.00000000,99979.69000000,2490.75719000
1736262000000,99979.69000000,100142.99000000,97153.50000000,97952.26000000,8692.12932000
1736265600000,97952.26000000,98347.81000000,97586.41000000,97733.58000000,2402.78330000
1736269200000,97733.58000000,97806.03000000,96577.00000000,97277.31000000,2384.90474000
1736272800000,97277.32000000,97541.60000000,96600.00000000,96750.86000000,1551.15869000
1736276400000,96750.86000000,97200.01000000,96323.67000000,96451.98000000,1482.07032000
1736280000000,96451.99000000,96870.52000000,96181.81000000,96533.35000000,1820.47033000
1736283600000,96533.34000000,97094.19000000,96400.00000000,96501.22000000,1161.95008000
1736287200000,96501.23000000,97220.76000000,96412.00000000,97164.00000000,708.70971000
1736290800000,97163.99000000,97169.65000000,96800.80000000,96954.61000000,810.74206000
1736294400000,96954.60000000,97268.65000000,96707.77000000,97268.49000000,817.82250000
1736298000000,97268.49000000,97268.50000000,96608.14000000,96907.15000000,751.04704000
1736301600000,96907.16000000,97181.82000000,96778.57000000,96878.14000000,677.26436000
1736305200000,96878.14000000,96878.14000000,96216.83000000,96525.20000000,1257.71877000
1736308800000,96525.20000000,96634.58000000,96057.48000000,96274.81000000,1105.11271000
1736312400000,96274.80000000,96654.61000000,96102.94000000,96492.01000000,705.86066000
1736316000000,96492.01000000,96636.37000000,95259.30000000,95284.31000000,1870.78889000
1736319600000,95284.31000000,95815.52000000,95250.76000000,95657.09000000,1326.50987000
1736323200000,95657.09000000,96132.47000000,95528.56000000,95945.99000000,917.59892000
1736326800000,95946.00000000,96098.10000000,95412.00000000,95432.82000000,613.22404000
1736330400000,95432.83000000,96000.00000000,95432.43000000,95961.02000000,713.60141000
1736334000000,95961.03000000,96052.00000000,94543.86000000,95134.92000000,1835.63994000
1736337600000,95134.92000000,95376.56000000,94852.23000000,94888.01000000,1048.36101000
1736341200000,94888.01000000,95679.69000000,94888.00000000,95384.00000000,1277.78686000
1736344800000,95384.01000000,95865.71000000,94888.88000000,95288.01000000,2131.52699000
1736348400000,95288.00000000,96079.32000000,94624.43000000,95493.77000000,3066.43677000
1736352000000,95493.77000000,95555.25000000,94556.21000000,94787.87000000,1545.18588000
1736355600000,94787.87000000,94847.99000000,92500.90000000,94030.82000000,5296.00136000
1736359200000,94030.81000000,95106.33000000,93753.99000000,94242.61000000,2090.92444000
1736362800000,94242.62000000,94859.54000000,94053.82000000,94243.89000000,1331.27114000
1736366400000,94243.89000000,94404.00000000,93755.48000000,93980.00000000,1050.42711000
1736370000000,93982.01000000,94596.00000000,93600.00000000,94468.97000000,953.60770000
1736373600000,94468.97000000,95290.99000000,94460.86000000,95290.93000000,743.64746000
1736377200000,95290.93000000,95310.94000000,94900.00000000,95060.61000000,577.31311000
1736380800000,95060.61000000,95150.00000000,94809.07000000,95135.30000000,552.16219000
1736384400000,95135.30000000,95382.32000000,94966.66000000,94983.82000000,596.76178000
1736388000000,94983.82000000,95030.31000000,93422.89000000,94776.99000000,3219.21675000
1736391600000,94777.00000000,94800.69000000,94017.93000000,94027.90000000,1051.54436000
1736395200000,94027.91000000,94487.74000000,93796.99000000,94424.24000000,686.14805000
1736398800000,94424.24000000,94566.64000000,94280.65000000,94472.58000000,347.93364000
1736402400000,94472.59000000,94618.63000000,94048.07000000,94095.03000000,515.64221000
1736406000000,94095.04000000,94299.22000000,93186.38000000,93221.59000000,1274.59624000
1736409600000,93221.59000000,93400.98000000,92750.00000000,93030.87000000,1897.18886000
1736413200000,93030.88000000,93787.75000000,92970.96000000,93516.62000000,1012.10325000
1736416800000,93516.63000000,93660.00000000,93016.55000000,93462.43000000,958.29861000
1736420400000,93462.43000000,93877.46000000,93224.00000000,93465.23000000,706.79590000
1736424000000,93465.23000000,93696.97000000,93155.25000000,93421.94000000,710.38168000
1736427600000,93421.94000000,93486.19000000,91900.12000000,91986.42000000,3474.43560000
1736431200000,91986.41000000,92900.00000000,91800.00000000,92863.80000000,2363.05968000
1736434800000,92863.81000000,94588.23000000,92671.67000000,94244.02000000,2560.47367000
1736438400000,94244.02000000,94685.25000000,93846.15000000,94250.95000000,1597.06769000
1736442000000,94250.96000000,94293.96000000,92325.00000000,92693.11000000,1927.98124000
1736445600000,92693.11000000,93239.51000000,92403.77000000,93020.11000000,1440.41777000
1736449200000,93020.10000000,93291.96000000,91900.01000000,91909.59000000,1659.19728000
1736452800000,91909.59000000,92371.32000000,91203.67000000,91903.22000000,2948.09971000
1736456400000,91903.21000000,92497.66000000,91781.09000000,92108.84000000,1113.80054000
1736460000000,92108.84000000,92720.67000000,91624.00000000,92456.32000000,1126.88174000
1736463600000,92456.32000000,92689.38000000,92034.55000000,92552.49000000,804.64841000
1736467200000,92552.49000000,92850.00000000,92431.73000000,92775.84000000,765.60662000
1736470800000,92775.85000000,93159.16000000,92590.33000000,93102.52000000,646.50474000
1736474400000,93102.52000000,93726.87000000,93033.50000000,93364.36000000,910.05796000
1736478000000,93364.36000000,93727.83000000,93312.58000000,93696.13000000,605.87134000
1736481600000,93696.13000000,93908.85000000,93500.00000000,93837.69000000,539.73949000
1736485200000,93837.69000000,94250.07000000,93642.85000000,93956.83000000,803.65233000
1736488800000,93956.83000000,94319.00000000,93733.83000000,94252.83000000,883.82544000
1736492400000,94252.83000000,95000.00000000,94070.00000000,94492.63000000,1375.06652000
1736496000000,94492.62000000,94766.12000000,94388.50000000,94680.01000000,786.92644000
1736499600000,94680.00000000,95000.55000000,94582.03000000,94793.08000000,750.72307000
1736503200000,94793.07000000,95293.40000000,94757.57000000,95215.73000000,599.33683000
1736506800000,95215.73000000,95267.16000000,94600.49000000,95073.95000000,709.58099000
1736510400000,95073.95000000,95117.26000000,94702.49000000,95023.44000000,585.68189000
1736514000000,95023.44000000,95046.00000000,92715.85000000,93557.23000000,4436.60731000
1736517600000,93557.23000000,94680.76000000,93379.93000000,94115.63000000,3037.58710000
1736521200000,94115.62000000,94524.00000000,92206.02000000,93730.92000000,3948.23271000
1736524800000,93730.93000000,94062.94000000,93177.40000000,93645.05000000,2166.94210000
1736528400000,93645.06000000,95836.00000000,93318.07000000,95793.05000000,2615.68539000
1736532000000,95793.04000000,95793.04000000,94581.87000000,94861.62000000,1989.46965000
1736535600000,94861.62000000,95386.74000000,94373.85000000,95327.06000000,1188.49425000
1736539200000,95327.07000000,95442.15000000,94586.02000000,94672.05000000,1050.74200000
1736542800000,94669.06000000,94923.05000000,94603.72000000,94613.26000000,443.76148000
1736546400000,94613.26000000,94955.54000000,94586.03000000,94767.70000000,342.72272000
1736550000000,94767.69000000,94894.81000000,94657.39000000,94726.11000000,300.04587000
1736553600000,94726.10000000,94746.37000000,94360.65000000,94600.69000000,360.16333000
1736557200000,94600.70000000,94696.97000000,94214.38000000,94424.26000000,335.79125000
1736560800000,94424.26000000,94495.90000000,94180.00000000,94424.24000000,304.40657000
1736564400000,94424.24000000,94429.84000000,94106.49000000,94206.95000000,275.47256000
1736568000000,94206.96000000,94316.09000000,93831.73000000,94063.29000000,409.40458000
1736571600000,94063.29000000,94381.08000000,94013.51000000,94366.69000000,235.14105000
1736575200000,94366.70000000,94441.87000000,94216.25000000,94216.25000000,150.60139000
1736578800000,94216.26000000,94333.34000000,94151.51000000,94246.36000000,194.41264000
1736582400000,94246.36000000,94408.34000000,94031.22000000,94074.79000000,226.92498000
1736586000000,94074.80000000,94329.80000000,94044.82000000,94329.45000000,197.65314000
1736589600000,94329.46000000,94528.27000000,94300.01000000,94488.86000000,271.33726000
1736593200000,94488.87000000,94791.67000000,94455.04000000,94625.65000000,313.77601000
1736596800000,94625.66000000,94655.20000000,94528.01000000,94550.01000000,194.65011000
1736600400000,94550.00000000,94606.11000000,94342.63000000,94400.01000000,233.44386000
1736604000000,94400.01000000,94638.44000000,94307.25000000,94620.00000000,278.58075000
1736607600000,94620.00000000,94647.05000000,94377.57000000,94410.26000000,185.10489000
1736611200000,94410.26000000,94708.12000000,94312.56000000,94448.14000000,278.46964000
1736614800000,94448.14000000,94448.14000000,93984.55000000,94151.52000000,422.01065000
1736618400000,94151.51000000,94306.62000000,94121.00000000,94275.79000000,171.50586000
1736622000000,94275.79000000,94327.40000000,94084.64000000,94249.26000000,144.36313000
1736625600000,94249.27000000,94668.31000000,94200.89000000,94586.11000000,282.09991000
1736629200000,94586.12000000,95050.94000000,94575.75000000,94940.76000000,818.05763000
1736632800000,94940.75000000,95005.00000000,94561.00000000,94593.80000000,532.69589000
1736636400000,94593.80000000,94753.37000000,94541.66000000,94599.99000000,231.83722000
1736640000000,94599.99000000,94655.22000000,94422.13000000,94452.07000000,320.75584000
1736643600000,94452.08000000,94589.46000000,94296.99000000,94580.00000000,300.67295000
1736647200000,94580.00000000,94670.00000000,94480.58000000,94625.25000000,152.15196000
1736650800000,94625.25000000,94699.00000000,94418.56000000,94622.40000000,210.90464000
1736654400000,94622.40000000,94650.00000000,94500.00000000,94587.99000000,132.27266000
1736658000000,94587.99000000,94627.80000000,94500.00000000,94571.43000000,92.53877000
1736661600000,94571.43000000,94616.00000000,94357.14000000,94381.78000000,163.50382000
1736665200000,94381.78000000,94441.42000000,94274.01000000,94323.85000000,166.86151000
1736668800000,94323.85000000,94393.57000000,94109.00000000,94170.01000000,255.91064000
1736672400000,94170.01000000,94222.41000000,93711.19000000,93906.22000000,541.72205000
1736676000000,93906.21000000,94056.04000000,93836.51000000,94015.16000000,438.14049000
1736679600000,94015.17000000,94348.64000000,94015.16000000,94255.10000000,306.54770000
1736683200000,94255.10000000,94600.00000000,94173.48000000,94328.20000000,414.09702000
1736686800000,94328.21000000,94730.04000000,94303.03000000,94663.78000000,602.30540000
1736690400000,94663.77000000,94994.49000000,94663.77000000,94811.00000000,444.18254000
1736694000000,94811.00000000,95450.10000000,94675.54000000,95071.90000000,667.55246000
1736697600000,95071.91000000,95131.05000000,94791.43000000,95046.76000000,269.91850000
1736701200000,95046.76000000,95271.56000000,94984.36000000,95139.45000000,320.98582000
1736704800000,95139.46000000,95314.12000000,94916.00000000,94992.64000000,222.20274000
1736708400000,94992.65000000,95055.93000000,94578.54000000,94650.26000000,508.48683000
1736712000000,94650.26000000,94800.00000000,94612.00000000,94687.69000000,183.55526000
1736715600000,94687.69000000,94727.28000000,94302.90000000,94352.70000000,336.21071000
1736719200000,94352.70000000,94362.92000000,93800.00000000,93962.91000000,831.05211000
1736722800000,93962.91000000,94563.82000000,93946.96000000,94545.06000000,724.33380000
1736726400000,94545.07000000,95940.00000000,94463.32000000,95325.43000000,1259.98460000
1736730000000,95325.43000000,95400.00000000,94081.38000000,94218.01000000,1000.51032000
1736733600000,94218.01000000,94500.00000000,93899.99000000,94217.43000000,622.98595000
1736737200000,94217.43000000,94408.17000000,93972.54000000,94269.23000000,603.07676000
1736740800000,94269.23000000,94913.03000000,94202.76000000,94503.34000000,505.10760000
1736744400000,94503.34000000,94543.28000000,94045.45000000,94181.37000000,415.64412000
1736748000000,94181.37000000,94327.35000000,93281.00000000,93637.37000000,1071.58867000
1736751600000,93637.38000000,93947.30000000,93469.20000000,93590.24000000,659.49821000
1736755200000,93590.24000000,93661.55000000,92904.35000000,93039.10000000,1106.31398000
1736758800000,93039.11000000,93195.99000000,92644.11000000,92846.79000000,1308.31575000
1736762400000,92846.79000000,92889.06000000,91372.17000000,91644.96000000,3461.57932000
1736766000000,91644.96000000,91776.04000000,90833.12000000,90851.22000000,4194.43530000
1736769600000,90851.23000000,91350.00000000,90300.00000000,90732.00000000,3847.56478000
1736773200000,90732.00000000,91780.00000000,90583.24000000,91131.41000000,2635.60842000
1736776800000,91131.41000000,92300.00000000,89256.69000000,91833.03000000,6291.93940000
1736780400000,91833.03000000,93100.00000000,91570.00000000,92123.75000000,2993.71459000
1736784000000,92123.75000000,92289.07000000,91250.00000000,91343.20000000,1967.47090000
1736787600000,91343.21000000,92300.00000000,91250.00000000,91983.96000000,1292.83794000
1736791200000,91983.96000000,92405.39000000,91593.85000000,92077.65000000,1146.24803000
1736794800000,92077.65000000,92534.10000000,91600.00000000,92312.18000000,1190.57010000
1736798400000,92312.18000000,93783.12000000,91908.20000000,93575.53000000,1763.26310000
1736802000000,93575.53000000,94472.00000000,93401.84000000,94193.49000000,1762.73089000
1736805600000,94193.49000000,94727.15000000,94152.00000000,94399.98000000,918.81918000
1736809200000,94399.99000000,94612.70000000,94164.77000000,94536.10000000,599.75632000
1736812800000,94536.11000000,94880.00000000,94346.22000000,94470.77000000,1089.79630000
1736816400000,94470.76000000,95041.17000000,94462.59000000,94834.50000000,793.93418000
1736820000000,94834.50000000,95280.80000000,94749.57000000,94882.65000000,861.15357000
1736823600000,94882.65000000,95112.61000000,94828.46000000,94861.40000000,558.39973000
1736827200000,94861.39000000,95149.32000000,94830.25000000,95119.19000000,552.62213000
1736830800000,95119.18000000,95464.71000000,94861.39000000,94916.08000000,680.63696000
1736834400000,94916.08000000,95031.94000000,94753.42000000,95031.94000000,528.83900000
1736838000000,95031.93000000,95168.60000000,94838.56000000,94864.00000000,596.66211000
1736841600000,94863.99000000,95819.70000000,94860.11000000,95488.50000000,1555.26872000
1736845200000,95488.51000000,97371.00000000,95469.51000000,97159.44000000,2720.04616000
1736848800000,97159.43000000,97194.26000000,96579.31000000,96697.08000000,1394.49961000
1736852400000,96686.09000000,96687.15000000,96336.92000000,96548.04000000,826.01262000
1736856000000,96548.04000000,96700.00000000,95972.58000000,95988.00000000,1369.94574000
1736859600000,95988.01000000,97263.02000000,95748.93000000,96336.00000000,2544.05682000
1736863200000,96336.00000000,97265.48000000,96029.73000000,96293.60000000,2135.64365000
1736866800000,96293.61000000,96974.82000000,96184.02000000,96471.65000000,2344.68602000
1736870400000,96471.65000000,96471.66000000,95351.76000000,95745.43000000,2219.24732000
1736874000000,95745.42000000,96550.46000000,95584.83000000,96527.96000000,1050.49264000
1736877600000,96527.96000000,96958.97000000,96290.85000000,96777.80000000,996.63205000
1736881200000,96777.79000000,97088.57000000,96466.03000000,96537.80000000,868.21053000
1736884800000,96537.23000000,96921.13000000,96152.31000000,96505.04000000,1031.11214000
1736888400000,96505.98000000,96678.18000000,96315.38000000,96486.09000000,561.54114000
1736892000000,96486.10000000,96618.71000000,96450.00000000,96618.71000000,132.86549000
